id_cliente,nombre,ciudad,provincia,zona,tipo_cliente,rango_edad
1001,"Nowmer, Sheri",poughkeepsie,new york,East,minorista,Más de 60
1002,"Whelply, Derrick",manhattan,new york,East,minorista,Más de 60
1003,"Derry, Jeanne",long island,new york,East,minorista,Más de 60
1004,"Spence, Michael",buffalo,new york,East,minorista,40 a 60
1005,"Gutierrez, Maya",yorktown,new york,East,minorista,40 a 60
1006,"Damstra, Robert",manhattan,new york,East,minorista,Más de 60
1007,"Kanagaki, Rebecca",ithaca,new york,East,minorista,40 a 60
1008,"Brunner, Kim",buffalo,new york,East,minorista,Más de 60
1009,"Blumberg, Brenda",yorktown,new york,East,minorista,Más de 60
1010,"Stanz, Darren",millbrook,new york,East,minorista,Más de 60
1011,"Murraiin, Jonathan",long island,new york,East,minorista,Más de 60
1012,"Creek, Jewel",manhattan,new york,East,minorista,40 a 60
1013,"Medina, Peggy",poughkeepsie,new york,East,minorista,Más de 60
1014,"Rutledge, Bryan",manhattan,new york,East,minorista,Más de 60
1015,"Cavestany, Walter",ithaca,new york,East,minorista,Más de 60
1016,"Planck, Peggy",millbrook,new york,East,minorista,40 a 60
1017,"Marshall, Brenda",yorktown,new york,East,minorista,Más de 60
1018,"Wolter, Daniel",poughkeepsie,new york,East,minorista,Desconocido
1019,"Collins, Dianne",andover,massachusetts,East,minorista,40 a 60
1020,"Baker, Beverly",cape cod,massachusetts,East,minorista,Más de 60
1021,"Castillo, Pedro",cape cod,massachusetts,East,minorista,Más de 60
1022,"Borges, Laurie",acton,massachusetts,East,minorista,Más de 60
1023,"Wyro, Shauna",andover,massachusetts,East,minorista,Más de 60
1024,"Wyllie, Jacqueline",andover,massachusetts,East,minorista,40 a 60
1025,"Conley, Lin",cape cod,massachusetts,East,minorista,Más de 60
1026,"Bernard, Jose",andover,massachusetts,East,minorista,40 a 60
1027,"Macaluso, Charles",manchester,new hampshire,East,minorista,Más de 60
1028,"Wood, Lois",manchester,new hampshire,East,minorista,Más de 60
1029,"Armstrong, Kevin",manchester,new hampshire,East,minorista,40 a 60
1030,"Goldey, Cody",manchester,new hampshire,East,minorista,40 a 60
1031,"Nickell, Paula",portsmouth,new hampshire,East,minorista,Más de 60
1032,"Long, Eric",portsmouth,new hampshire,East,minorista,40 a 60
1033,"Solimena, Mary",portsmouth,new hampshire,East,minorista,Más de 60
1034,"Muenich, Nathan",portsmouth,new hampshire,East,minorista,Más de 60
1035,"Young, Ed",portsmouth,new hampshire,East,minorista,40 a 60
1036,"Arnold, Donna",manchester,new hampshire,East,minorista,Más de 60
1037,"Cooper, Jennifer",manchester,new hampshire,East,minorista,40 a 60
1038,"Petty, Peggy",portsmouth,new hampshire,East,minorista,Más de 60
1039,"Olguin, Jessica",manchester,new hampshire,East,minorista,Más de 60
1040,"Burchett, Phyllis",manchester,new hampshire,East,minorista,Más de 60
1041,"Bechard, Howard",manchester,new hampshire,East,minorista,Más de 60
1042,"Carter, Doris",manchester,new hampshire,East,minorista,40 a 60
1043,"Sharp, Juanita",new london,connecticut,East,minorista,Más de 60
1044,"Brunner, Sandra",danbury,connecticut,East,minorista,Más de 60
1045,"Staton, Ernest",new london,connecticut,East,minorista,40 a 60
1046,"Sims, Rose",new canaan,connecticut,East,minorista,Más de 60
1047,"De Carlo, Lauretta",new canaan,connecticut,East,minorista,Más de 60
1048,"Williams, Mary",new canaan,connecticut,East,minorista,40 a 60
1049,"Burke, Terri",new london,connecticut,East,minorista,40 a 60
1050,"Osborn, Audrey",new london,connecticut,East,minorista,Más de 60
1051,"Binai, Brian",danbury,connecticut,East,minorista,Más de 60
1052,"Lozada, Concepcion",danbury,connecticut,East,minorista,Más de 60
1053,"Tays, Paul",new london,connecticut,East,minorista,Más de 60
1054,"Thorton, Cheryl",new canaan,connecticut,East,minorista,Más de 60
1055,"Dumin, Gary",tampa bay,florida,East,minorista,Más de 60
1056,"Chin, Pat",orlando,florida,East,minorista,40 a 60
1057,"Lovell, Zach",miami,florida,East,minorista,Más de 60
1058,"Ratcliff, Dave",miami,florida,East,minorista,Más de 60
1059,"Moss, Elizabeth",tampa bay,florida,East,minorista,40 a 60
1060,"Anderson, Lori",tampa bay,florida,East,minorista,40 a 60
1061,"Everson, Michael",miami,florida,East,minorista,40 a 60
1062,"Borden, Mary",tampa bay,florida,East,minorista,40 a 60
1063,"Willson, Sue",tampa bay,florida,East,minorista,Más de 60
1064,"Harris, Clayton",orlando,florida,East,minorista,Más de 60
1065,"Contreras, Whitney",orlando,florida,East,minorista,Más de 60
1066,"Pusedu, Boyd",orlando,florida,East,minorista,Más de 60
1067,"Stedman, Cian",orlando,florida,East,minorista,40 a 60
1068,"Zocchi, Michele",orlando,florida,East,minorista,Más de 60
1069,"Walsh, Jean",tampa bay,florida,East,minorista,40 a 60
1070,"Renfro, Leopoldo",orlando,florida,East,minorista,40 a 60
1071,"Brockett, Donna",chicago,illinois,,minorista,40 a 60
1072,"Anderson, Laurie",chicago,illinois,,minorista,40 a 60
1073,"Gomez, Louis",peoria,illinois,Central,minorista,Más de 60
1074,"Walker, Julie",peoria,illinois,Central,minorista,Más de 60
1075,"Jones, Jay",chicago,illinois,,minorista,Más de 60
1076,"Winfrey, Gayle",peoria,illinois,Central,minorista,40 a 60
1077,"Brown, Yasmina",peoria,illinois,Central,minorista,Más de 60
1078,"Touchstone, Joseph",peoria,illinois,Central,minorista,Más de 60
1079,"Bakhtyari, Mary",peoria,illinois,Central,minorista,Más de 60
1080,"Glass, Melvin",chicago,illinois,,minorista,Más de 60
1081,"Cohen, Kristin",chicago,illinois,,minorista,40 a 60
1082,"Kharman, Susan",peoria,illinois,Central,minorista,Más de 60
1083,"Kirschner, Gordon",peoria,illinois,Central,minorista,Más de 60
1084,"Burger, William",chicago,illinois,,minorista,40 a 60
1085,"Blau, Lana",peoria,illinois,Central,minorista,Más de 60
1086,"Derby, Donna",chicago,illinois,,minorista,Más de 60
1087,"Thomson, Kathleen",peoria,illinois,Central,minorista,40 a 60
1088,"Walton, Gabriel",chicago,illinois,,minorista,Más de 60
1089,"Meastas, Bishop",chicago,illinois,,minorista,Más de 60
1090,"Kouba, Geneva",chicago,illinois,,minorista,Más de 60
1091,"Clark, Tricia",peoria,illinois,Central,minorista,40 a 60
1092,"Munn, Debi",madison,wisconsin,Central,minorista,40 a 60
1093,"Goldberg, Patricia",milwaukee,wisconsin,Central,minorista,Más de 60
1094,"Magenheim, Susan",appleton,wisconsin,Central,minorista,Más de 60
1095,"Hance, Nancy",madison,wisconsin,Central,minorista,Más de 60
1096,"Mehlert, Rhonda",madison,wisconsin,Central,minorista,40 a 60
1097,"Duran, Paula",appleton,wisconsin,Central,minorista,Más de 60
1098,"Earley, Margaret",madison,wisconsin,Central,minorista,Más de 60
1099,"Horne, Elizabeth",madison,wisconsin,Central,minorista,Más de 60
1100,"Hunt, Mary",milwaukee,wisconsin,Central,minorista,Más de 60
1101,"Allen, Libby",milwaukee,wisconsin,Central,minorista,Más de 60
1102,"Bruno, Bonnie",madison,wisconsin,Central,minorista,Más de 60
1103,"Bowers, Angela",milwaukee,wisconsin,Central,minorista,Más de 60
1104,"Gonzales, Donald",madison,wisconsin,Central,minorista,Más de 60
1105,"Valdez, Sylvester",milwaukee,wisconsin,Central,minorista,Más de 60
1106,"Stewart, John",appleton,wisconsin,Central,minorista,Más de 60
1107,"Velasquez, Barney",madison,wisconsin,Central,minorista,Más de 60
1108,"Dubois, Kenneth",madison,wisconsin,Central,minorista,Más de 60
1109,"Maestas, Kate",appleton,wisconsin,Central,minorista,Más de 60
1110,"Underwood, Josie",milwaukee,wisconsin,Central,minorista,Más de 60
1111,"Strain, Ramon",appleton,wisconsin,Central,minorista,Más de 60
1112,"Azari, Pat",columbus,ohio,Central,minorista,40 a 60
1113,"Dabit, Bob",akron,ohio,Central,minorista,Más de 60
1114,"Carmona, Marty",columbus,ohio,Central,minorista,Más de 60
1115,"Saxton, Gina",akron,ohio,Central,minorista,Más de 60
1116,"McLaughlin, Juan",toledo,ohio,Central,minorista,Más de 60
1117,"Eyster, Carol",columbus,ohio,Central,minorista,40 a 60
1118,"Henry, Nancy",toledo,ohio,Central,minorista,Más de 60
1119,"Barros, Chris",akron,ohio,Central,minorista,Más de 60
1120,"Groome, Christopher",cleveland,ohio,Central,minorista,40 a 60
1121,"Hill, Anna",toledo,ohio,Central,minorista,Más de 60
1122,"Williams, Ramon",akron,ohio,Central,minorista,40 a 60
1123,"Masters, Scott",cleveland,ohio,Central,minorista,40 a 60
1124,"Brady, Jr., Joseph",columbus,ohio,Central,minorista,Más de 60
1125,"Gray, Ellen",akron,ohio,Central,minorista,40 a 60
1126,"Fielder, Henry",columbus,ohio,Central,minorista,Más de 60
1127,"Finnell, Jeanine",cleveland,ohio,Central,minorista,Más de 60
1128,"Schuetz, Ian",cleveland,ohio,Central,minorista,Más de 60
1129,"Runyon, Richard",kansas city,missouri,Central,minorista,40 a 60
1130,"Potter, Linda",kansas city,missouri,Central,minorista,Más de 60
1131,"Smith, Mary",st. loius,missouri,Central,minorista,Más de 60
1132,"Brumagen, Barbara",st. loius,missouri,Central,minorista,Más de 60
1133,"Hamilton, Thelma",kansas city,missouri,Central,minorista,40 a 60
1134,"J Wilbert, Shirley",kansas city,missouri,Central,minorista,Más de 60
1135,"Ingram, Jeremy",st. loius,missouri,Central,minorista,Más de 60
1136,"Haddix, Sharon",kansas city,missouri,Central,minorista,Más de 60
1137,"Thomas, Leland",kansas city,missouri,Central,minorista,40 a 60
1138,"Wilson, Don",st. loius,missouri,Central,minorista,Más de 60
1139,"Stovall, Wayne",kansas city,missouri,Central,minorista,40 a 60
1140,"Russell, Douglas",kansas city,missouri,Central,minorista,Más de 60
1141,"Doose, Maureen",kansas city,missouri,Central,minorista,Más de 60
1142,"Morreale, Ann",st. loius,missouri,Central,minorista,40 a 60
1143,"Rupert, Sheila",kansas city,missouri,Central,minorista,Más de 60
1144,"Pierson, Ashley",st. loius,missouri,Central,minorista,40 a 60
1145,"Nickels, Ivan",kansas city,missouri,Central,minorista,Más de 60
1146,"Neuhauser, Chad",st. loius,missouri,Central,minorista,40 a 60
1147,"Coke, Ann",kansas city,missouri,Central,minorista,Más de 60
1148,"Scarbrough, Jon",kansas city,missouri,Central,minorista,Más de 60
1149,"Martensen, Lillian",st. loius,missouri,Central,minorista,Más de 60
1150,"McCormick, Mary",st. loius,missouri,Central,minorista,Más de 60
1151,"Sparacino, James",st. loius,missouri,Central,minorista,40 a 60
1152,"Racette, John",kansas city,missouri,Central,minorista,Más de 60
1153,"Thompson, Edwardo",des moines,iowa,Central,minorista,40 a 60
1154,"Warren, Sam",dubuque,iowa,Central,minorista,40 a 60
1155,"Chow-Wang, Shelby",des moines,iowa,Central,minorista,Más de 60
1156,"Wood, Nelly",dubuque,iowa,Central,minorista,Más de 60
1157,"Morgan, Jackie",des moines,iowa,Central,minorista,Más de 60
1158,"Boje, Gavin",des moines,iowa,Central,minorista,40 a 60
1159,"Tsujimoto, Marlene",dubuque,iowa,Central,minorista,Más de 60
1160,"Bouton, RitaIva",des moines,iowa,Central,minorista,Más de 60
1161,"Gras, Dell",des moines,iowa,Central,minorista,Más de 60
1162,"Solano, Christopher",des moines,iowa,Central,minorista,Más de 60
1163,"Armstrong, George",dubuque,iowa,Central,minorista,Más de 60
1164,"Aldred, Kristine",dubuque,iowa,Central,minorista,Más de 60
1165,"Jorgenson, Tom",des moines,iowa,Central,minorista,Más de 60
1166,"Turner, Dana",des moines,iowa,Central,minorista,40 a 60
1167,"Zakerski, Terry",dubuque,iowa,Central,minorista,Más de 60
1168,"Carlson, David",des moines,iowa,Central,minorista,Más de 60
1169,"Symons, Linda",dubuque,iowa,Central,minorista,Más de 60
1170,"Reynolds, Louis",dubuque,iowa,Central,minorista,Más de 60
1171,"Ibsen, Maureen",dubuque,iowa,Central,minorista,40 a 60
1172,"Ciochon, Virginia",dubuque,iowa,Central,minorista,Más de 60
1173,"Berger, Steve",oklahoma city,oklahoma,South,minorista,Más de 60
1174,"Bayol, James",oklahoma city,oklahoma,South,minorista,Más de 60
1175,"Thumann, Meredith",tulsa,oklahoma,South,minorista,Más de 60
1176,"Jones, Julie",oklahoma city,oklahoma,South,minorista,Más de 60
1177,"Bury, Janet",tulsa,oklahoma,South,minorista,Más de 60
1178,"Bevan, Onita",tulsa,oklahoma,South,minorista,Más de 60
1179,"Monarco, Mary",oklahoma city,oklahoma,South,minorista,40 a 60
1180,"Zingarelli, Vicky",oklahoma city,oklahoma,South,minorista,Más de 60
1181,"Valentine, Helen",tulsa,oklahoma,South,minorista,Más de 60
1182,"Scheulen, Carol",oklahoma city,oklahoma,South,minorista,Más de 60
1183,"Koon, Virgie",tulsa,oklahoma,South,minorista,40 a 60
1184,"Amole, Sarah",oklahoma city,oklahoma,South,minorista,Más de 60
1185,"Hill, Cecil",oklahoma city,oklahoma,South,minorista,40 a 60
1186,"Tate, Ruth",oklahoma city,oklahoma,South,minorista,40 a 60
1187,"Schnurr, Larry",oklahoma city,oklahoma,South,minorista,Más de 60
1188,"Sutton, Jerry",tulsa,oklahoma,South,minorista,Más de 60
1189,"Mlincek, Kevin",tulsa,oklahoma,South,minorista,Más de 60
1190,"Tucker, Edward",oklahoma city,oklahoma,South,minorista,40 a 60
1191,"Forham, Kenton",tulsa,oklahoma,South,minorista,Más de 60
1192,"Malik, Brittany",new orleans,louisiana,South,minorista,40 a 60
1193,"Eldridge, Jeannette",new orleans,louisiana,South,minorista,Más de 60
1194,"Anderson, Terry",new orleans,louisiana,South,minorista,Más de 60
1195,"Sosa, Loni",new orleans,louisiana,South,minorista,Más de 60
1196,"Mann, Marie",shreveport,louisiana,South,minorista,Más de 60
1197,"Prater, Michael",new orleans,louisiana,South,minorista,Desconocido
1198,"Ansaldo, Karen",new orleans,louisiana,South,minorista,Más de 60
1199,"Caijem, Lance",new orleans,louisiana,South,minorista,Más de 60
1200,"Yates, Pamela",shreveport,louisiana,South,minorista,Más de 60
1201,"Turner, Iwona",new orleans,louisiana,South,minorista,40 a 60
1202,"Fulcher, Mary",shreveport,louisiana,South,minorista,Más de 60
1203,"Berg, Raymond",new orleans,louisiana,South,minorista,Más de 60
1204,"Lopez, Ramona",shreveport,louisiana,South,minorista,Más de 60
1205,"Valdivia, Helen",new orleans,louisiana,South,minorista,40 a 60
1206,"Cardoza, Beverly",new orleans,louisiana,South,minorista,40 a 60
1207,"Hall, Mary",shreveport,louisiana,South,minorista,Más de 60
1208,"Minarick, Rachel",new orleans,louisiana,South,minorista,Más de 60
1209,"Los Olmos, Dorine",shreveport,louisiana,South,minorista,Más de 60
1210,"Garner, Dave",dallas,texas,South,minorista,Más de 60
1211,"Leong, Lois",houston,texas,South,minorista,Más de 60
1212,"Tate, Larasa",amarillo,texas,South,minorista,40 a 60
1213,"Watson, David",san antonio,texas,South,minorista,40 a 60
1214,"Frank, James",san antonio,texas,South,minorista,Más de 60
1215,"Wood, Alfredo",dallas,texas,South,minorista,Más de 60
1216,"Baird, Dorothy",san antonio,texas,South,minorista,Más de 60
1217,"Jans, George",amarillo,texas,South,minorista,Más de 60
1218,"Garrison, Bernadine",houston,texas,South,minorista,Más de 60
1219,"Zeller, Sam",houston,texas,South,minorista,Más de 60
1220,"Ace, Dorothy",sweetwater,texas,South,minorista,40 a 60
1221,"Trujillo, Adria",san antonio,texas,South,minorista,40 a 60
1222,"McCown, Bunny",amarillo,texas,South,minorista,Más de 60
1223,"Miller, Nancy",san antonio,texas,South,minorista,Más de 60
1224,"Hollar, Wanda",amarillo,texas,South,minorista,Más de 60
1225,"Wallin, Barbara",houston,texas,South,minorista,40 a 60
1226,"Bruha, Michael",houston,texas,South,minorista,40 a 60
1227,"Suggs, Michael",albuquerque,new mexico,South,minorista,Más de 60
1228,"Turner, Kenneth",albuquerque,new mexico,South,minorista,Más de 60
1229,"Griffin, Lois",albuquerque,new mexico,South,minorista,Más de 60
1230,"Guardamondo, Robert",albuquerque,new mexico,South,minorista,40 a 60
1231,"West, Bryan",albuquerque,new mexico,South,minorista,40 a 60
1232,"Welsh, Vicki",albuquerque,new mexico,South,minorista,Más de 60
1233,"McCollum, Harvey",albuquerque,new mexico,South,minorista,40 a 60
1234,"Cramer, Mary",albuquerque,new mexico,South,minorista,40 a 60
1235,"Fike, Linda",albuquerque,new mexico,South,minorista,Más de 60
1236,"Adair, Sam",albuquerque,new mexico,South,minorista,Más de 60
1237,"Kolosso, Jerry",albuquerque,new mexico,South,minorista,Más de 60
1238,"Carpenter, Todd",albuquerque,new mexico,South,minorista,Más de 60
1239,"Watkins, Lisa",albuquerque,new mexico,South,minorista,Más de 60
1240,"Barrera, Kevin",albuquerque,new mexico,South,minorista,40 a 60
1241,"Price, Maria",albuquerque,new mexico,South,minorista,40 a 60
1242,"Rosemont, Flossie",albuquerque,new mexico,South,minorista,Más de 60
1243,"McMenama, Betty",albuquerque,new mexico,South,minorista,40 a 60
1244,"Lyons, Max",albuquerque,new mexico,South,minorista,Más de 60
1245,"Sandy Kurtz, Christine",albuquerque,new mexico,South,minorista,40 a 60
1246,"Santry, Rita",aspen,colorado,Central,minorista,Más de 60
1247,"Quigle, Catherine",aspen,colorado,Central,minorista,Más de 60
1248,"Christensen, Patricia",denver,colorado,Central,minorista,Más de 60
1249,"Mercurio, Anne",grand junction,colorado,Central,minorista,Más de 60
1250,"McGrath, Louis",grand junction,colorado,Central,minorista,Más de 60
1251,"Wright, Rachael",denver,colorado,Central,minorista,Más de 60
1252,"Skuce, Richard",denver,colorado,Central,minorista,Más de 60
1253,"Coleman, George",denver,colorado,Central,minorista,Más de 60
1254,"Barnes, Lois",denver,colorado,Central,minorista,Más de 60
1255,"Camille, Jacky",grand junction,colorado,Central,minorista,40 a 60
1256,"Allenbach, Michelle",denver,colorado,Central,minorista,Más de 60
1257,"Smith, Franklin",aspen,colorado,Central,minorista,Más de 60
1258,"Minker, John",aspen,colorado,Central,minorista,Más de 60
1259,"Jimenez, Sarah",aspen,colorado,Central,minorista,40 a 60
1260,"Malaby, Darwin",aspen,colorado,Central,minorista,Más de 60
1261,"Caldwell, Pamela",grand junction,colorado,Central,minorista,Más de 60
1262,"Tinder, Roger",grand junction,colorado,Central,minorista,40 a 60
1263,"Kropff, Joseph",grand junction,colorado,Central,minorista,40 a 60
1264,"Worsham, Mimi",grand junction,colorado,Central,minorista,Más de 60
1265,"Bernal, Ruth",provo,utah,West,minorista,Más de 60
1266,"Zimmerman, Yolanda",provo,utah,West,minorista,Más de 60
1267,"Evans, Sandra",salt lake city,utah,West,minorista,Más de 60
1268,"Bowman, Virginia",provo,utah,West,minorista,Más de 60
1269,"Coleman, Mary",salt lake city,utah,West,minorista,40 a 60
1270,"Chrisulis, Kevin",salt lake city,utah,West,minorista,Más de 60
1271,"Whitcomb, Lee",provo,utah,West,minorista,40 a 60
1272,"Turcios, Brian",provo,utah,West,minorista,Más de 60
1273,"Confetti, Jennifer",salt lake city,utah,West,minorista,Más de 60
1274,"Takemura, Geneva",salt lake city,utah,West,minorista,Más de 60
1275,"Campbell, Lynn",salt lake city,utah,West,minorista,Más de 60
1276,"Smith, Nina",salt lake city,utah,West,minorista,Más de 60
1277,"Vuong, Darrell",provo,utah,West,minorista,Más de 60
1278,"Abbott, Eric",salt lake city,utah,West,minorista,Más de 60
1279,"Liff, Doris",salt lake city,utah,West,minorista,Más de 60
1280,"Steinberg, John",salt lake city,utah,West,minorista,40 a 60
1281,"Megel, Jerry",provo,utah,West,minorista,40 a 60
1282,"Styles, John",salt lake city,utah,West,minorista,40 a 60
1283,"Head, Shirley",salt lake city,utah,West,minorista,Más de 60
1284,"Story, James",salt lake city,utah,West,minorista,40 a 60
1285,"Boone, Jean",reno,nevada,West,minorista,Más de 60
1286,"Mccoy, Ralph",carson city,nevada,West,minorista,Más de 60
1287,"Tuck, Anne",carson city,nevada,West,minorista,Más de 60
1288,"Sincich, Joy",las vegas,nevada,West,minorista,Más de 60
1289,"Jameson, Bertha",reno,nevada,West,minorista,Más de 60
1290,"Sanchez, Charles",reno,nevada,West,minorista,Más de 60
1291,"Parks, Wanda",las vegas,nevada,West,minorista,Más de 60
1292,"Vij, Nathan",las vegas,nevada,West,minorista,Más de 60
1293,"Zugschwert, Corinne",las vegas,nevada,West,minorista,Más de 60
1294,"Adams, Michelle",las vegas,nevada,West,minorista,40 a 60
1295,"Steen, Donahue",reno,nevada,West,minorista,40 a 60
1296,"Baker, John",reno,nevada,West,minorista,40 a 60
1297,"Pearl, Keith",reno,nevada,West,minorista,40 a 60
1298,"Roundtree, Sarah",carson city,nevada,West,minorista,Más de 60
1299,"Bollin, Lawrence",carson city,nevada,West,minorista,Más de 60
1300,"Hopkins, Fred",carson city,nevada,West,minorista,40 a 60
1301,"Vicknair, Caroline",las vegas,nevada,West,minorista,40 a 60
1302,"McPhearson, Nancy",bend,oregon,West,minorista,Más de 60
1303,"Albright, Anna",bend,oregon,West,minorista,Más de 60
1304,"Thomas, Phyllis",bend,oregon,West,minorista,Más de 60
1305,"Perko, Tina",portland,oregon,West,minorista,Más de 60
1306,"McCarty, Jane",bend,oregon,West,minorista,Más de 60
1307,"Bent, Scot",portland,oregon,West,minorista,Más de 60
1308,"Chambers, Pat",portland,oregon,West,minorista,Más de 60
1309,"Bellifa, Stanley",portland,oregon,West,minorista,40 a 60
1310,"Johnson, Samuel",bend,oregon,West,minorista,Más de 60
1311,"Vrins, Janice",portland,oregon,West,minorista,Más de 60
1312,"Mcdonald, Christinia",bend,oregon,West,minorista,Más de 60
1313,"Weldon, Ole",portland,oregon,West,minorista,Más de 60
1314,"Choin, Ruth",bend,oregon,West,minorista,Más de 60
1315,"Crow, Sharon",bend,oregon,West,minorista,40 a 60
1316,"Avalos, Robert",bend,oregon,West,minorista,40 a 60
1317,"Jacobsen, Eric",portland,oregon,West,minorista,Más de 60
1318,"Castro, Pamela",portland,oregon,West,minorista,Más de 60
1319,"Caldwell, Sylvia",bend,oregon,West,minorista,Más de 60
1320,"Reed, Russell",portland,oregon,West,minorista,40 a 60
1321,"Kelley, Victor",san francisco,california,West,minorista,Más de 60
1322,"Taylor, Damon",los angeles,california,West,minorista,Más de 60
1323,"Robinson, Rebecca",santa clara,california,West,minorista,40 a 60
1324,"Thomsen, Andrea",bakersfield,california,West,minorista,40 a 60
1325,"Baldwin, Douglas",bakersfield,california,West,minorista,Más de 60
1326,"Yuhasz, Ian",san francisco,california,West,minorista,40 a 60
1327,"Carmody, Jovita",eureka,california,West,minorista,Más de 60
1328,"Gonzales, Lynn",san francisco,california,West,minorista,40 a 60
1329,"Allen, Phyllis",los angeles,california,West,minorista,Más de 60
1330,"Caprio, Johnny",sacramento,california,West,minorista,Más de 60
1331,"Slaven, Lanna",santa clara,california,West,minorista,Más de 60
1332,"Ortiz, Fred",san diego,california,West,minorista,Más de 60
1333,"Beaver, John",sacramento,california,West,minorista,Más de 60
1334,"Rhodes, Albert",fresno,california,West,minorista,Más de 60
1335,"Kaffer, Scott",eureka,california,West,minorista,40 a 60
1336,"Bales, Jennifer",bakersfield,california,West,minorista,Más de 60
1337,"Stotka, Louis",los angeles,california,West,minorista,Más de 60
1338,"Maynard, Sandra",spokane,washington,West,minorista,40 a 60
1339,"Tuell, Gracia",redmond,washington,West,minorista,40 a 60
1340,"Burnett, Timothy",seattle,washington,West,minorista,Más de 60
1341,"Haugh, James",spokane,washington,West,minorista,Más de 60
1342,"Moberly, Paula",seattle,washington,West,minorista,Más de 60
1343,"Meyer, Eric",redmond,washington,West,minorista,40 a 60
1344,"Orona, Gloria",seattle,washington,West,minorista,Más de 60
1345,"Warmack, Ruth",spokane,washington,West,minorista,Más de 60
1346,"Wall, Joanna",spokane,washington,West,minorista,Más de 60
1347,"Appelbaum, Sabria",redmond,washington,West,minorista,Más de 60
1348,"Kung, Jeffrey",spokane,washington,West,minorista,Más de 60
1349,"Wilson, Gloria",seattle,washington,West,minorista,Más de 60
1350,"Tuffield, Phyllis",seattle,washington,West,minorista,Más de 60
1351,"Ping, Patricia",seattle,washington,West,minorista,Más de 60
1352,"Shepard, David",spokane,washington,West,minorista,Más de 60
1353,"Bailey, James",redmond,washington,West,minorista,40 a 60
1354,"Chestnut, Susan",redmond,washington,West,minorista,Más de 60
1355,"Toone, Delia",seattle,washington,West,minorista,Más de 60
1356,"Armstrong, Thomas",seattle,washington,West,minorista,Más de 60
1357,"Billstrom, Mary",seattle,washington,West,minorista,Más de 60
1358,"Stotka, Robert",redmond,washington,West,minorista,Más de 60
1359,"Johnson, Danielle",seattle,washington,West,minorista,40 a 60
2001,"Son, Alma",millbrook,new york,East,mayorista,Más de 60
2002,"Brandon, Cornelius",manhattan,new york,East,mayorista,Más de 60
2003,"Quintana, Monica",long island,new york,East,mayorista,40 a 60
2004,"Colon, John",millbrook,new york,East,mayorista,Más de 60
2005,"Barlow, Brenda",poughkeepsie,new york,East,mayorista,40 a 60
2006,"Adina, Ronald",yorktown,new york,East,mayorista,Más de 60
2007,"Bohling, Michael",poughkeepsie,new york,East,mayorista,40 a 60
2008,"Wheeler, Sam",buffalo,new york,East,mayorista,Más de 60
2009,"Swearengin, Abraham",long island,new york,East,mayorista,Más de 60
2010,"Givens, David",buffalo,new york,East,mayorista,Más de 60
2011,"Beanston, Glenna",manhattan,new york,East,mayorista,Más de 60
2012,"Bruno, Dirk",ithaca,new york,East,mayorista,Más de 60
2013,"Berger, Alexander",buffalo,new york,East,mayorista,40 a 60
2014,"Sultan, Marcia",long island,new york,East,mayorista,40 a 60
2015,"Svoboda, Martin",poughkeepsie,new york,East,mayorista,Más de 60
2016,"Tullao, Mary",manhattan,new york,East,mayorista,40 a 60
2017,"Hernandez, Irene",millbrook,new york,East,mayorista,40 a 60
2018,"Wilkie, Jay Saxema",sudbury,massachusetts,East,mayorista,Más de 60
2019,"Lunt, Sean",andover,massachusetts,East,mayorista,Más de 60
2020,"Fulton, Paul",boston,massachusetts,East,mayorista,Más de 60
2021,"Dillon, Rudolph",acton,massachusetts,East,mayorista,Más de 60
2022,"Miller, Matthew",cape cod,massachusetts,East,mayorista,40 a 60
2023,"Stern, Vassar",acton,massachusetts,East,mayorista,40 a 60
2024,"Suffin, Ruth",cape cod,massachusetts,East,mayorista,Más de 60
2025,"Cleary, Kristine",andover,massachusetts,East,mayorista,Más de 60
2026,"Homax, Jaunita",acton,massachusetts,East,mayorista,40 a 60
2027,"Adams, Margaret",acton,massachusetts,East,mayorista,Más de 60
2028,"Zubaty, Carla",cape cod,massachusetts,East,mayorista,Más de 60
2029,"Khan, Tammy",acton,massachusetts,East,mayorista,Más de 60
2030,"Brinkd, David",sudbury,massachusetts,East,mayorista,Más de 60
2031,"Clark, James",sudbury,massachusetts,East,mayorista,Más de 60
2032,"Dennis, Helen",cape cod,massachusetts,East,mayorista,Más de 60
2033,"Brumfield, Eric",acton,massachusetts,East,mayorista,Más de 60
2034,"Sanchez, Madalena",acton,massachusetts,East,mayorista,Más de 60
2035,"Suess, Gary",acton,massachusetts,East,mayorista,Más de 60
2036,"Trach, Glenn",andover,massachusetts,East,mayorista,Desconocido
2037,"White, Cynthia",sudbury,massachusetts,East,mayorista,Más de 60
2038,"Brian, Walter",andover,massachusetts,East,mayorista,Más de 60
2039,"Trujillo, Christie",andover,massachusetts,East,mayorista,40 a 60
2040,"Alameda, Lili",portsmouth,new hampshire,East,mayorista,Más de 60
2041,"Fox, Dorothy",portsmouth,new hampshire,East,mayorista,40 a 60
2042,"Gallagher, Aldeen",manchester,new hampshire,East,mayorista,Más de 60
2043,"Myer, Dorothy",manchester,new hampshire,East,mayorista,Más de 60
2044,"Byrnes, David",portsmouth,new hampshire,East,mayorista,Más de 60
2045,"Ryan, Justine",manchester,new hampshire,East,mayorista,Más de 60
2046,"Chand, Forrest",portsmouth,new hampshire,East,mayorista,Más de 60
2047,"Vanderkamp, Margaret",portsmouth,new hampshire,East,mayorista,Más de 60
2048,"Carroll, Rosmarie",portsmouth,new hampshire,East,mayorista,Más de 60
2049,"Contreras, Dorothy",manchester,new hampshire,East,mayorista,Más de 60
2050,"Cantoni, Joseph",manchester,new hampshire,East,mayorista,Más de 60
2051,"Reed, Celine",manchester,new hampshire,East,mayorista,Más de 60
2052,"Peterson, Glin",new london,connecticut,East,mayorista,Más de 60
2053,"Osborn, Stephen",new canaan,connecticut,East,mayorista,Más de 60
2054,"Graham., Lowell",danbury,connecticut,East,mayorista,Más de 60
2055,"Shaddy, Jamie",new canaan,connecticut,East,mayorista,40 a 60
2056,"Haemon, Hattie",new london,connecticut,East,mayorista,Más de 60
2057,"Krow, Jame",danbury,connecticut,East,mayorista,Más de 60
2058,"Belli, Shane",new london,connecticut,East,mayorista,Más de 60
2059,"Porter, Ethel",new london,connecticut,East,mayorista,Más de 60
2060,"Lesko, Gloria",new london,connecticut,East,mayorista,Más de 60
2061,"Worland, Michael",new london,connecticut,East,mayorista,Más de 60
2062,"Torre, Alvin",danbury,connecticut,East,mayorista,Más de 60
2063,"Ramos, Susan",new canaan,connecticut,East,mayorista,Más de 60
2064,"Christie, Jill",new canaan,connecticut,East,mayorista,40 a 60
2065,"Zocchi, Juanita",new london,connecticut,East,mayorista,Más de 60
2066,"Altamirano, Sandra",danbury,connecticut,East,mayorista,Más de 60
2067,"Benson, Edna",new london,connecticut,East,mayorista,40 a 60
2068,"Deborde, Alexander",new canaan,connecticut,East,mayorista,Más de 60
2069,"Calone, Barbara",new london,connecticut,East,mayorista,Más de 60
2070,"Pompa, Cheryl",new canaan,connecticut,East,mayorista,Más de 60
2071,"Traube, Doris",tampa bay,florida,East,mayorista,Más de 60
2072,"Sloan, Cathy",miami,florida,East,mayorista,Más de 60
2073,"Villa, Homer",miami,florida,East,mayorista,Más de 60
2074,"Herman, Deena",tampa bay,florida,East,mayorista,Más de 60
2075,"Roberts, Leota",miami,florida,East,mayorista,Más de 60
2076,"Mc Clane, John",miami,florida,East,mayorista,Más de 60
2077,"Maxham, Jennifer",tampa bay,florida,East,mayorista,Más de 60
2078,"Sullivan, Elizabeth",tampa bay,florida,East,mayorista,Más de 60
2079,"Watada, Irene",miami,florida,East,mayorista,40 a 60
2080,"Rhiger, Constance",orlando,florida,East,mayorista,Más de 60
2081,"Finley, Rhoda",miami,florida,East,mayorista,Más de 60
2082,"Winter, Kathleen",miami,florida,East,mayorista,Más de 60
2083,"Adams, Carla",miami,florida,East,mayorista,Más de 60
2084,"Tench, Vanessa",tampa bay,florida,East,mayorista,Más de 60
2085,"Brink, Carol",miami,florida,East,mayorista,Más de 60
2086,"Reynolds, Adam",orlando,florida,East,mayorista,Más de 60
2087,"Posner, Constance",orlando,florida,East,mayorista,Más de 60
2088,"Hapke, William",miami,florida,East,mayorista,40 a 60
2089,"Huff, Joshua",miami,florida,East,mayorista,Más de 60
2090,"Brown, Carolee",tampa bay,florida,East,mayorista,40 a 60
2091,"Giglio, Frances",tampa bay,florida,East,mayorista,Más de 60
2092,"Sherwood, Irma",orlando,florida,East,mayorista,40 a 60
2093,"Becker, Benjamin",peoria,illinois,Central,mayorista,Más de 60
2094,"Tedford, Chad",peoria,illinois,Central,mayorista,Más de 60
2095,"Roy, Luke",peoria,illinois,Central,mayorista,40 a 60
2096,"Holloway, Jean",chicago,illinois,,mayorista,Más de 60
2097,"Trau, Olga",chicago,illinois,,mayorista,Más de 60
2098,"Carnes, Steve",chicago,illinois,,mayorista,Más de 60
2099,"Potts, Betty",peoria,illinois,Central,mayorista,Más de 60
2100,"Kozlowski, Edward",chicago,illinois,,mayorista,Más de 60
2101,"Looney, Sharon",peoria,illinois,Central,mayorista,Más de 60
2102,"Magenheimer, Patrick",chicago,illinois,,mayorista,40 a 60
2103,"Hofsetz, Sue",chicago,illinois,,mayorista,Más de 60
2104,"Gilliat, Janet",peoria,illinois,Central,mayorista,Más de 60
2105,"Wojcik, Charlene",chicago,illinois,,mayorista,Más de 60
2106,"Wolf, Eunice",peoria,illinois,Central,mayorista,40 a 60
2107,"Whitworth, Kelly",chicago,illinois,,mayorista,40 a 60
2108,"Thames, Judy",chicago,illinois,,mayorista,40 a 60
2109,"Rusek, Pearlie",chicago,illinois,,mayorista,Más de 60
2110,"Justice, Peggy",madison,wisconsin,Central,mayorista,Más de 60
2111,"Conner, William",appleton,wisconsin,Central,mayorista,Más de 60
2112,"Bauer, Ciro",madison,wisconsin,Central,mayorista,Más de 60
2113,"Collins, Takiko",madison,wisconsin,Central,mayorista,40 a 60
2114,"Smith, Leonard",appleton,wisconsin,Central,mayorista,Más de 60
2115,"Yasi, Lenore",appleton,wisconsin,Central,mayorista,Más de 60
2116,"Bowman, Lester",madison,wisconsin,Central,mayorista,Más de 60
2117,"Germanson, Barbara",madison,wisconsin,Central,mayorista,40 a 60
2118,"Smith, Mary",appleton,wisconsin,Central,mayorista,Más de 60
2119,"Serventi, Alice",milwaukee,wisconsin,Central,mayorista,Más de 60
2120,"Chapla, Lee",madison,wisconsin,Central,mayorista,Más de 60
2121,"Cameron, DeeDee",madison,wisconsin,Central,mayorista,40 a 60
2122,"Zgeirmann, Jo",appleton,wisconsin,Central,mayorista,Más de 60
2123,"Mondragon, William",milwaukee,wisconsin,Central,mayorista,Más de 60
2124,"Allison, Cecil",madison,wisconsin,Central,mayorista,Más de 60
2125,"Vargas, Nieves",cleveland,ohio,Central,mayorista,Más de 60
2126,"Vlass, Helen",toledo,ohio,Central,mayorista,Más de 60
2127,"Gonzalez, Abigail",akron,ohio,Central,mayorista,Más de 60
2128,"Ison, Denean",cleveland,ohio,Central,mayorista,40 a 60
2129,"Trent, Billy",columbus,ohio,Central,mayorista,Más de 60
2130,"Vaca, Mary",cleveland,ohio,Central,mayorista,40 a 60
2131,"Arbelaez, Kyley",toledo,ohio,Central,mayorista,Más de 60
2132,"Lee, Michael",cleveland,ohio,Central,mayorista,Desconocido
2133,"Maes, Walter",toledo,ohio,Central,mayorista,40 a 60
2134,"Antrim, Ramona",cleveland,ohio,Central,mayorista,Más de 60
2135,"Friedland, Liam",toledo,ohio,Central,mayorista,40 a 60
2136,"Strange, Charles",toledo,ohio,Central,mayorista,Más de 60
2137,"Richter, William",columbus,ohio,Central,mayorista,40 a 60
2138,"Amland, Maxwell",akron,ohio,Central,mayorista,Más de 60
2139,"Albury, Z . T. Milton",cleveland,ohio,Central,mayorista,Más de 60
2140,"Richmeier, Marie",st. loius,missouri,Central,mayorista,Más de 60
2141,"Jacobson, Jodan",kansas city,missouri,Central,mayorista,Más de 60
2142,"Bartness, David",kansas city,missouri,Central,mayorista,Más de 60
2143,"Cobb, Teanna",kansas city,missouri,Central,mayorista,40 a 60
2144,"Lique, M. E. Joseph",kansas city,missouri,Central,mayorista,Más de 60
2145,"Bernacchi, Robert",st. loius,missouri,Central,mayorista,Más de 60
2146,"Zubaty, Patricia",st. loius,missouri,Central,mayorista,Más de 60
2147,"Hunter, Matthew",st. loius,missouri,Central,mayorista,Más de 60
2148,"Vonholt, Florence",kansas city,missouri,Central,mayorista,Más de 60
2149,"Holmes, Eddie",kansas city,missouri,Central,mayorista,Más de 60
2150,"Drury, Gerald",st. loius,missouri,Central,mayorista,Más de 60
2151,"Watts, Kristin",kansas city,missouri,Central,mayorista,Más de 60
2152,"Short, Carlos",kansas city,missouri,Central,mayorista,Más de 60
2153,"Mc Guigan, Robin",des moines,iowa,Central,mayorista,Más de 60
2154,"Wollesen, Dorothy",des moines,iowa,Central,mayorista,40 a 60
2155,"Lee, Marjorie",des moines,iowa,Central,mayorista,Más de 60
2156,"Gimmi, Mary",dubuque,iowa,Central,mayorista,Más de 60
2157,"Pugh, Milton",des moines,iowa,Central,mayorista,Más de 60
2158,"Bennetts, John",dubuque,iowa,Central,mayorista,Desconocido
2159,"Woodard, Caroline",des moines,iowa,Central,mayorista,Más de 60
2160,"Manzanares, Tomas",dubuque,iowa,Central,mayorista,40 a 60
2161,"Stotler, Kayla",dubuque,iowa,Central,mayorista,Más de 60
2162,"Peoples, Elizabeth",dubuque,iowa,Central,mayorista,40 a 60
2163,"Choi, Mike",dubuque,iowa,Central,mayorista,40 a 60
2164,"Quintana, Mary Lou",des moines,iowa,Central,mayorista,Más de 60
2165,"Bright, Christopher",des moines,iowa,Central,mayorista,Más de 60
2166,"Rodgers, Scott",des moines,iowa,Central,mayorista,Más de 60
2167,"Gates, Janet",dubuque,iowa,Central,mayorista,Más de 60
2168,"Watkins, Darren",des moines,iowa,Central,mayorista,Más de 60
2169,"Christensen, Charles",dubuque,iowa,Central,mayorista,Más de 60
2170,"Banks, Darrell",des moines,iowa,Central,mayorista,Más de 60
2171,"Carlisle, Carlton",des moines,iowa,Central,mayorista,40 a 60
2172,"Tramel, Abe",dubuque,iowa,Central,mayorista,40 a 60
2173,"Curry, Jose",des moines,iowa,Central,mayorista,Más de 60
2174,"Haines, Betty",tulsa,oklahoma,South,mayorista,40 a 60
2175,"Campbell, Deborah",tulsa,oklahoma,South,mayorista,40 a 60
2176,"Whitney, Catherine",tulsa,oklahoma,South,mayorista,Más de 60
2177,"Mitchell, Neva",oklahoma city,oklahoma,South,mayorista,Más de 60
2178,"Dodd, Cindy",oklahoma city,oklahoma,South,mayorista,Más de 60
2179,"Cereghino, Stacey",oklahoma city,oklahoma,South,mayorista,Más de 60
2180,"Meyer, Helen",tulsa,oklahoma,South,mayorista,Más de 60
2181,"Stevens, Olga",tulsa,oklahoma,South,mayorista,40 a 60
2182,"Campbell, Joan",tulsa,oklahoma,South,mayorista,Más de 60
2183,"Walker, Silvia",oklahoma city,oklahoma,South,mayorista,Más de 60
2184,"Pasumansky, Mosha",tulsa,oklahoma,South,mayorista,Más de 60
2185,"Whitney, Shawn",oklahoma city,oklahoma,South,mayorista,Más de 60
2186,"Saunders, Lloyd",tulsa,oklahoma,South,mayorista,Más de 60
2187,"Vandenouer, Rose",tulsa,oklahoma,South,mayorista,Más de 60
2188,"Vincenzi, Eric",oklahoma city,oklahoma,South,mayorista,Más de 60
2189,"Herring, Cheryl",oklahoma city,oklahoma,South,mayorista,Más de 60
2190,"Garza, Kathleen",tulsa,oklahoma,South,mayorista,Más de 60
2191,"Westover, Gail",tulsa,oklahoma,South,mayorista,Más de 60
2192,"Hagemann, Matthew",shreveport,louisiana,South,mayorista,40 a 60
2193,"Vasquez, Patricia",shreveport,louisiana,South,mayorista,Más de 60
2194,"McCarthy, Lola",shreveport,louisiana,South,mayorista,40 a 60
2195,"Bacalzo, Phillip",new orleans,louisiana,South,mayorista,40 a 60
2196,"Berch, Marian",new orleans,louisiana,South,mayorista,40 a 60
2197,"Taylor, Mike",shreveport,louisiana,South,mayorista,40 a 60
2198,"Whipple, Vivian",new orleans,louisiana,South,mayorista,40 a 60
2199,"Laursen, Cecilia",new orleans,louisiana,South,mayorista,Más de 60
2200,"Olguin, Lee",new orleans,louisiana,South,mayorista,Más de 60
2201,"Ayers, Stephen",new orleans,louisiana,South,mayorista,Más de 60
2202,"Kotc, Pamala",new orleans,louisiana,South,mayorista,Más de 60
2203,"Coriell, Marlin",shreveport,louisiana,South,mayorista,Más de 60
2204,"Warthen, Clay",new orleans,louisiana,South,mayorista,Más de 60
2205,"Johnson, Greg",shreveport,louisiana,South,mayorista,40 a 60
2206,"Huckaby, George",sweetwater,texas,South,mayorista,Más de 60
2207,"Gustafson, Faith",dallas,texas,South,mayorista,40 a 60
2208,"Thompson, Donald",amarillo,texas,South,mayorista,40 a 60
2209,"Hendricks, Valentina",amarillo,texas,South,mayorista,40 a 60
2210,"Black, Mae",sweetwater,texas,South,mayorista,40 a 60
2211,"Vansant, Carlos",amarillo,texas,South,mayorista,Más de 60
2212,"Bentley, Richard",san antonio,texas,South,mayorista,Más de 60
2213,"Ritacco, Thomas",houston,texas,South,mayorista,40 a 60
2214,"Theisen, Karen",dallas,texas,South,mayorista,Más de 60
2215,"Berger, John",dallas,texas,South,mayorista,40 a 60
2216,"Koski, Joy",houston,texas,South,mayorista,40 a 60
2217,"Fitzgerald, Duane",houston,texas,South,mayorista,Más de 60
2218,"Camacho, Lindsey",albuquerque,new mexico,South,mayorista,Más de 60
2219,"Alvarado, Selena",albuquerque,new mexico,South,mayorista,40 a 60
2220,"Brummer, Dick",albuquerque,new mexico,South,mayorista,Más de 60
2221,"Pinkston, Pat",albuquerque,new mexico,South,mayorista,Más de 60
2222,"Spivey, Kristin",albuquerque,new mexico,South,mayorista,Más de 60
2223,"Whiting, Gregory",albuquerque,new mexico,South,mayorista,40 a 60
2224,"Espinoza, Martha",albuquerque,new mexico,South,mayorista,Más de 60
2225,"Robinett, David",albuquerque,new mexico,South,mayorista,Más de 60
2226,"Lundahl, Judy",albuquerque,new mexico,South,mayorista,Más de 60
2227,"Demicell, Shawn",albuquerque,new mexico,South,mayorista,Más de 60
2228,"Rousey, Linda",albuquerque,new mexico,South,mayorista,Más de 60
2229,"Marcovecchio, Kathy",albuquerque,new mexico,South,mayorista,Más de 60
2230,"Evans, Twanna",albuquerque,new mexico,South,mayorista,Más de 60
2231,"Storjohann, Judy",albuquerque,new mexico,South,mayorista,Más de 60
2232,"Maccietto, Denise",grand junction,colorado,Central,mayorista,Más de 60
2233,"Buskirk, Deanna",grand junction,colorado,Central,mayorista,Más de 60
2234,"Kesslep, Mary",grand junction,colorado,Central,mayorista,Más de 60
2235,"Schultz, Barbara",aspen,colorado,Central,mayorista,Más de 60
2236,"Bergin, Kris",grand junction,colorado,Central,mayorista,Más de 60
2237,"Steel, Merrill",denver,colorado,Central,mayorista,Más de 60
2238,"Marple, Melissa",aspen,colorado,Central,mayorista,40 a 60
2239,"Evans, Ann",denver,colorado,Central,mayorista,40 a 60
2240,"Bruner, Shirley",denver,colorado,Central,mayorista,40 a 60
2241,"Troyer, Michael John",grand junction,colorado,Central,mayorista,Más de 60
2242,"Sandidge, Mary",grand junction,colorado,Central,mayorista,Más de 60
2243,"Skonnard, Monk",grand junction,colorado,Central,mayorista,Más de 60
2244,"Beck, Christopher",salt lake city,utah,West,mayorista,Más de 60
2245,"Abel, Catherine",provo,utah,West,mayorista,Más de 60
2246,"Miller, Emilo",salt lake city,utah,West,mayorista,Más de 60
2247,"Walker, Hazel",salt lake city,utah,West,mayorista,40 a 60
2248,"Brooks, John",salt lake city,utah,West,mayorista,40 a 60
2249,"Logan, Todd",provo,utah,West,mayorista,Más de 60
2250,"Several, Joshua",salt lake city,utah,West,mayorista,Más de 60
2251,"Thomas, James",salt lake city,utah,West,mayorista,Más de 60
2252,"Vessa, Robert",provo,utah,West,mayorista,Más de 60
2253,"Tran, James",provo,utah,West,mayorista,Más de 60
2254,"Crow, Shelley",provo,utah,West,mayorista,Más de 60
2255,"Sims, Anne",salt lake city,utah,West,mayorista,Más de 60
2256,"Tatman, Clarence",salt lake city,utah,West,mayorista,Más de 60
2257,"Nelsen, Jan",salt lake city,utah,West,mayorista,Más de 60
2258,"Cole, Jeanette",provo,utah,West,mayorista,Más de 60
2259,"Huntsman, Phyllis",salt lake city,utah,West,mayorista,Más de 60
2260,"Arakawa, Hannah",salt lake city,utah,West,mayorista,40 a 60
2261,"Steuber, Wathalee",salt lake city,utah,West,mayorista,Más de 60
2262,"Cox, Pamela",carson city,nevada,West,mayorista,Más de 60
2263,"Jacobs, Bronson",reno,nevada,West,mayorista,Más de 60
2264,"Barley, Rebecca",carson city,nevada,West,mayorista,Más de 60
2265,"Alvaro, Emilio",reno,nevada,West,mayorista,Más de 60
2266,"Waters, Becky",reno,nevada,West,mayorista,Más de 60
2267,"Jarvis, A. Joyce",carson city,nevada,West,mayorista,Más de 60
2268,"Styles, Ruby Sue",carson city,nevada,West,mayorista,Más de 60
2269,"Glenn, Jeanie",reno,nevada,West,mayorista,40 a 60
2270,"Smith, Peggy",las vegas,nevada,West,mayorista,Más de 60
2271,"Duff, Tish",las vegas,nevada,West,mayorista,Más de 60
2272,"Lucero, Anita",reno,nevada,West,mayorista,Más de 60
2273,"Burton, Stephen",las vegas,nevada,West,mayorista,Más de 60
2274,"Consentino, Amy",carson city,nevada,West,mayorista,Más de 60
2275,"Lutes, Helen",las vegas,nevada,West,mayorista,Más de 60
2276,"Ecoffey, Linda",carson city,nevada,West,mayorista,Más de 60
2277,"Swint, Katherine",carson city,nevada,West,mayorista,Más de 60
2278,"Slattengren, Dianne",las vegas,nevada,West,mayorista,Más de 60
2279,"Heymsfield, Ronald",carson city,nevada,West,mayorista,40 a 60
2280,"Whitehead, Steven",reno,nevada,West,mayorista,Más de 60
2281,"Roy, Lisa",las vegas,nevada,West,mayorista,40 a 60
2282,"Burkhardt, Ingrid",carson city,nevada,West,mayorista,Más de 60
2283,"Whitney, Todd",bend,oregon,West,mayorista,Más de 60
2284,"Wisnewski, Barbara",bend,oregon,West,mayorista,40 a 60
2285,"Burkhardt, Karren",bend,oregon,West,mayorista,40 a 60
2286,"Mcanich, Stacie",bend,oregon,West,mayorista,40 a 60
2287,"Browning, Mary",portland,oregon,West,mayorista,Más de 60
2288,"Wellington, Alexandra",portland,oregon,West,mayorista,Más de 60
2289,"Bacugalupi, Cory",portland,oregon,West,mayorista,Más de 60
2290,"Rizzi, Stacy",bend,oregon,West,mayorista,Más de 60
2291,"Sotelo, William",portland,oregon,West,mayorista,40 a 60
2292,"Stanley, Beth",bend,oregon,West,mayorista,Más de 60
2293,"Markwood, Jill",portland,oregon,West,mayorista,Más de 60
2294,"Valentine, Mildred",portland,oregon,West,mayorista,Más de 60
2295,"Reams, Suzann",portland,oregon,West,mayorista,Más de 60
2296,"Long, John",portland,oregon,West,mayorista,40 a 60
2297,"Olenzek, Edwin",portland,oregon,West,mayorista,Más de 60
2298,"Valerio, Jessie",santa clara,california,West,mayorista,Más de 60
2299,"Ahlering, Robert",los angeles,california,West,mayorista,Más de 60
2300,"Burke, Megan",santa clara,california,West,mayorista,40 a 60
2301,"Bates, Karel",fresno,california,West,mayorista,Más de 60
2302,"White, Mike",san francisco,california,West,mayorista,40 a 60
2303,"Simpson, Marty",los angeles,california,West,mayorista,Más de 60
2304,"Jones, Robert",santa clara,california,West,mayorista,Más de 60
2305,"Casts, Raul",san francisco,california,West,mayorista,40 a 60
2306,"Browqett, Bridget",fresno,california,West,mayorista,Más de 60
2307,"Kartz, Kay",eureka,california,West,mayorista,Más de 60
2308,"Wold, Audrey",eureka,california,West,mayorista,Más de 60
2309,"French, Susan",santa clara,california,West,mayorista,40 a 60
2310,"Pederson, Trish",fresno,california,West,mayorista,Más de 60
2311,"Renn, Eric",bakersfield,california,West,mayorista,Más de 60
2312,"Catalano, Elizabeth",san diego,california,West,mayorista,Más de 60
2313,"Coleman, Eric",sacramento,california,West,mayorista,Más de 60
2314,"Hurkett, Lawrence",redmond,washington,West,mayorista,40 a 60
2315,"Pettengill, Sara",seattle,washington,West,mayorista,40 a 60
2316,"Elson, Jauna",spokane,washington,West,mayorista,Más de 60
2317,"Hirota, Nancy",seattle,washington,West,mayorista,40 a 60
2318,"Blasingame, Linda",seattle,washington,West,mayorista,Más de 60
2319,"Blackwell, Jackie",spokane,washington,West,mayorista,Más de 60
2320,"Moya, Marie",spokane,washington,West,mayorista,Más de 60
2321,"Chesnut, Nicky",spokane,washington,West,mayorista,Más de 60
2322,"Ortiz, John",redmond,washington,West,mayorista,40 a 60
2323,"Tearpak, Stacey",seattle,washington,West,mayorista,Más de 60
2324,"Hall, Karen",spokane,washington,West,mayorista,Más de 60
2325,"Narberes, Greg",spokane,washington,West,mayorista,Más de 60
2326,"Weber, Fannye",redmond,washington,West,mayorista,Más de 60
2327,"Kabbes, Diane",seattle,washington,West,mayorista,Más de 60
