id_vendedor,nombre,sexo,antiguedad,fecha_nacimiento,zona
1,"Nowmer, Sheri",Femenino,23,12/21/1955,Antiguo
2,"Whelply, Derrick",Masculino,22,05/30/1975,Antiguo
3,"Spence, Michael",Masculino,22,02/12/1970,Antiguo
4,"Gutierrez, Maya",Femenino,22,08/04/1973,Antiguo
5,"Damstra, Roberta",Femenino,22,02/04/1966,Antiguo
6,"Kanagaki, Rebecca",Femenino,20,09/20/1969,Antiguo
7,"Brunner, Kim",Femenino,22,02/14/1968,Antiguo
8,"Blumberg, Brenda",Femenino,22,11/10/1979,Antiguo
9,"Stanz, Darren",Masculino,19,07/12/1950,Antiguo
10,"Murraiin, Jonathan",Masculino,21,05/13/1955,Antiguo
11,"Creek, Jewel",Femenino,22,01/25/1977,Antiguo
12,"Medina, Peggy",Femenino,21,06/16/1965,Antiguo
13,"Rutledge, Bryan",Masculino,22,01/24/1961,Antiguo
14,"Cavestany, Walter",Masculino,21,03/23/1970,Antiguo
15,"Planck, Peggy",Femenino,22,12/15/1967,Antiguo
16,"Marshall, Brenda",Femenino,22,02/03/1966,Antiguo
17,"Wolter, Daniel",Masculino,22,03/11/1953,Antiguo
18,"Collins, Dianne",Femenino,21,10/04/1964,Antiguo
19,"Baker, Beverly",Femenino,22,10/16/1970,Antiguo
20,"Castillo, Pedro",Masculino,23,11/18/1962,Antiguo
21,"Borges, Laurie",Femenino,22,07/22/1968,Antiguo
22,"Wyro, Shauna",Femenino,22,02/22/1957,Antiguo
23,"Wyllie, Jacqueline",Femenino,20,07/23/1954,Antiguo
24,"Conley, Lin",Femenino,23,05/07/1971,Antiguo
25,"Bernard, Jose",Masculino,22,02/28/1959,Antiguo
26,"Macaluso, Charles",Masculino,22,12/12/1965,Antiguo
27,"Wood, Lois",Femenino,21,07/27/1959,Antiguo
28,"Armstrong, Kevin",Masculino,21,05/13/1967,Antiguo
29,"Goldey, Cody",Masculino,19,11/03/1953,Antiguo
30,"Nickell, Paula",Femenino,23,09/10/1974,Antiguo
31,"Long, Eric",Masculino,22,03/02/1967,Antiguo
32,"Solimena, Mary",Femenino,22,06/17/1966,Antiguo
33,"Muenich, Nathan",Masculino,23,10/23/1965,Antiguo
34,"Young, Ed",Masculino,23,10/25/1962,Antiguo
35,"Arnold, Donna",Femenino,23,08/13/1974,Antiguo
36,"Cooper, Jennifer",Femenino,22,08/21/1966,Antiguo
37,"Petty, Peggy",Femenino,22,06/24/1967,Antiguo
38,"Olguin, Jessica",Femenino,21,12/15/1966,Antiguo
39,"Burchett, Phyllis",Femenino,22,09/09/1960,Antiguo
40,"Bechard, Howard",Masculino,22,09/30/1956,Antiguo
41,"Carter, Doris",Femenino,20,01/30/1962,Antiguo
42,"Sharp, Juanita",Femenino,23,07/04/1956,Antiguo
43,"Brunner, Sandra",Femenino,22,11/05/1957,Antiguo
44,"Staton, Ernest",Masculino,21,01/31/1967,Antiguo
45,"Sims, Rose",Femenino,22,12/10/1956,Antiguo
46,"De Carlo, Lauretta",Femenino,23,06/23/1960,Antiguo
47,"Williams, Mary",Femenino,21,01/07/1965,Antiguo
48,"Burke, Terri",Femenino,22,10/30/1975,Antiguo
49,"Osborn, Audrey",Femenino,23,06/01/1960,Antiguo
50,"Binai, Brian",Masculino,20,08/24/1965,Antiguo
51,"Lozada, Concepcion",Femenino,23,05/30/1948,Antiguo
52,"Tays, Paul",Masculino,22,06/04/1967,Antiguo
53,"Thorton, Cheryl",Femenino,21,01/10/1973,Antiguo
54,"Dumin, Gary",Masculino,23,05/05/1971,Antiguo
55,"Chin, Pat",Femenino,21,01/05/1962,Antiguo
56,"Lovell, Zach",Masculino,21,07/08/1955,Antiguo
57,"Ratcliff, Dave",Masculino,20,11/12/1963,Antiguo
58,"Moss, Elizabeth",Femenino,22,09/29/1978,Antiguo
59,"Anderson, Lori",Femenino,22,12/10/1980,Antiguo
60,"Everson, Michael",Masculino,22,06/26/1956,Antiguo
61,"Borden, Mary",Femenino,23,11/27/1958,Antiguo
62,"Willson, Sue",Femenino,20,05/01/1974,Antiguo
63,"Harris, Clayton",Masculino,23,07/20/1980,Antiguo
64,"Contreras, Whitney",Femenino,20,05/27/1954,Antiguo
65,"Pusedu, Boyd",Masculino,20,12/04/1963,Antiguo
66,"Stedman, Cian",Femenino,21,02/17/1960,Antiguo
67,"Zocchi, Michele",Femenino,22,01/05/1970,Antiguo
68,"Walsh, Jean",Femenino,21,06/26/1973,Antiguo
69,"Renfro, Leopoldo",Masculino,22,05/23/1970,Antiguo
70,"Brockett, Donna",Femenino,22,09/30/1965,Antiguo
71,"Anderson, Laurie",Femenino,20,01/19/1948,Antiguo
72,"Gomez, Louis",Masculino,22,12/16/1959,Antiguo
73,"Walker, Julie",Femenino,23,11/30/1975,Antiguo
74,"Jones, Jay",Masculino,20,07/09/1965,Antiguo
75,"Winfrey, Gayle",Femenino,22,03/03/1972,Antiguo
76,"Brown, Yasmina",Femenino,19,10/20/1962,Antiguo
77,"Touchstone, Joseph",Masculino,22,09/30/1963,Antiguo
78,"Bakhtyari, Mary",Femenino,19,06/15/1969,Antiguo
79,"Glass, Melvin",Masculino,22,12/20/1960,Antiguo
80,"Cohen, Kristin",Femenino,21,12/21/1955,Antiguo
81,"Kharman, Susan",Femenino,23,10/22/1962,Antiguo
82,"Kirschner, Gordon",Masculino,22,11/06/1964,Antiguo
83,"Burger, William",Masculino,21,06/12/1971,Antiguo
84,"Blau, Lana",Femenino,22,10/30/1979,Antiguo
85,"Derby, Donna",Femenino,22,04/30/1974,Antiguo
86,"Thomson, Kathleen",Femenino,21,03/07/1966,Antiguo
87,"Walton, Gabriel",Femenino,20,01/27/1950,Antiguo
88,"Meastas, Bishop",Masculino,22,02/28/1971,Antiguo
89,"Kouba, Geneva",Femenino,23,03/24/1958,Antiguo
90,"Clark, Tricia",Femenino,21,08/30/1952,Antiguo
91,"Munn, Debi",Femenino,22,11/10/1959,Antiguo
92,"Goldberg, Patricia",Femenino,23,06/23/1976,Antiguo
93,"Magenheim, Susan",Femenino,22,10/07/1972,Antiguo
94,"Hance, Nancy",Femenino,21,05/23/1963,Antiguo
95,"Mehlert, Rhonda",Femenino,21,03/02/1959,Antiguo
96,"Duran, Paula",Femenino,20,06/06/1957,Antiguo
97,"Earley, Margaret",Femenino,21,07/27/1974,Antiguo
98,"Horne, Elizabeth",Femenino,22,06/23/1963,Antiguo
99,"Hunt, Mary",Femenino,22,01/11/1960,Antiguo
100,"Allen, Libby",Femenino,23,05/14/1947,Antiguo
101,"Bruno, Bonnie",Femenino,21,01/12/1964,Antiguo
102,"Bowers, Angela",Femenino,21,03/14/1973,Antiguo
103,"Gonzales, Donald",Masculino,22,10/20/1962,Antiguo
104,"Valdez, Sylvester",Masculino,22,05/07/1974,Antiguo
105,"Stewart, John",Masculino,22,03/26/1970,Antiguo
106,"Velasquez, Barney",Masculino,22,10/21/1979,Antiguo
107,"Dubois, Kenneth",Masculino,21,11/11/1944,Antiguo
108,"Maestas, Kate",Femenino,20,01/09/1973,Antiguo
109,"Underwood, Josie",Femenino,20,08/07/1962,Antiguo
110,"Strain, Ramon",Masculino,21,12/07/1972,Antiguo
111,"Azari, Pat",Femenino,22,12/01/1961,Antiguo
112,"Dabit, Bob",Masculino,22,07/29/1973,Antiguo
113,"Carmona, Marty",Masculino,21,10/06/1957,Antiguo
114,"Saxton, Gina",Femenino,20,07/01/1969,Antiguo
115,"McLaughlin, Juan",Masculino,22,04/07/1974,Antiguo
116,"Eyster, Carol",Femenino,21,08/21/1972,Antiguo
117,"Henry, Nancy",Femenino,20,04/01/1967,Antiguo
118,"Barros, Chris",Femenino,22,12/27/1975,Antiguo
119,"Groome, Christopher",Masculino,20,01/22/1969,Antiguo
120,"Hill, Anna",Femenino,21,12/12/1963,Antiguo
121,"Williams, Ramon",Masculino,20,04/14/1958,Antiguo
122,"Masters, Scott",Masculino,20,03/26/1968,Antiguo
123,"Brady, Jr., Joseph",Masculino,21,08/10/1960,Antiguo
124,"Gray, Ellen",Femenino,23,12/28/1963,Antiguo
125,"Fielder, Henry",Masculino,22,09/01/1965,Antiguo
126,"Finnell, Jeanine",Femenino,23,12/06/1961,Antiguo
127,"Schuetz, Ian",Masculino,20,05/02/1968,Antiguo
128,"Runyon, Richard",Masculino,22,03/25/1960,Antiguo
129,"Potter, Linda",Femenino,21,11/30/1980,Antiguo
130,"Smith, Mary",Femenino,22,02/24/1975,Antiguo
131,"Brumagen, Barbara",Femenino,23,04/07/1976,Antiguo
132,"Hamilton, Thelma",Femenino,21,01/28/1959,Antiguo
133,"Wilbert, Shirley",Femenino,22,01/24/1963,Antiguo
134,"Ingram, Jeremy",Masculino,22,05/07/1967,Antiguo
135,"Haddix, Sharon",Femenino,23,02/04/1961,Antiguo
136,"Thomas, Leland",Masculino,22,03/06/1970,Antiguo
137,"Wilson, Don",Masculino,22,12/02/1965,Antiguo
138,"Stovall, Wayne",Masculino,22,10/23/1966,Antiguo
139,"Russell, Douglas",Masculino,20,11/01/1964,Antiguo
140,"Doose, Maureen",Femenino,21,02/28/1960,Antiguo
141,"Morreale, Ann",Femenino,21,07/25/1954,Antiguo
142,"Rupert, Sheila",Femenino,23,04/23/1962,Antiguo
143,"Pierson, Ashley",Femenino,20,07/29/1974,Antiguo
144,"Nickels, Ivan",Masculino,20,05/07/1966,Antiguo
145,"Neuhauser, Chad",Masculino,23,12/30/1959,Antiguo
146,"Coke, Ann",Femenino,21,05/13/1968,Antiguo
147,"Scarbrough, Jon",Masculino,19,09/30/1968,Antiguo
148,"Martensen, Lillian",Femenino,21,06/30/1957,Antiguo
149,"McCormick, Mary",Femenino,22,10/14/1979,Antiguo
150,"Sparacino, James",Masculino,21,01/17/1955,Antiguo
151,"Racette, John",Masculino,22,07/22/1975,Antiguo
152,"Thompson, Edwardo",Masculino,22,08/19/1956,Antiguo
153,"Warren, Sam",Masculino,22,11/06/1954,Antiguo
154,"Chow-Wang, Shelby",Masculino,21,02/25/1961,Antiguo
155,"Wood, Nelly",Femenino,22,11/03/1951,Antiguo
156,"Morgan, Jackie",Femenino,21,07/02/1971,Antiguo
157,"Boje, Gavin",Masculino,23,10/10/1966,Antiguo
158,"Tsujimoto, Marlene",Femenino,21,01/02/1981,Antiguo
159,"Bouton, RitaIva",Femenino,20,06/23/1974,Antiguo
160,"Gras, Dell",Femenino,22,04/12/1959,Antiguo
161,"Solano, Christopher",Masculino,20,01/02/1971,Antiguo
162,"Armstrong, George",Masculino,22,05/04/1963,Antiguo
163,"Aldred, Kristine",Femenino,21,07/04/1971,Antiguo
164,"Jorgenson, Tom",Masculino,21,12/21/1970,Antiguo
165,"Turner, Dana",Femenino,21,04/22/1960,Antiguo
166,"Zakerski, Terry",Masculino,22,02/20/1959,Antiguo
167,"Carlson, David",Femenino,21,03/26/1956,Antiguo
168,"Symons, Linda",Femenino,23,12/06/1972,Antiguo
169,"Reynolds, Louis",Masculino,22,05/04/1963,Antiguo
170,"Ibsen, Maureen",Masculino,23,10/15/1959,Antiguo
171,"Ciochon, Virginia",Femenino,22,06/15/1966,Antiguo
172,"Berger, Steve",Femenino,20,11/09/1972,Antiguo
173,"Bayol, James",Femenino,22,07/30/1956,Antiguo
174,"Thumann, Meredith",Femenino,21,10/06/1955,Antiguo
175,"Jones, Julie",Masculino,21,05/15/1953,Antiguo
176,"Bury, Janet",Masculino,21,01/18/1962,Antiguo
177,"Bevan, Onita",Masculino,22,10/29/1967,Antiguo
178,"Monarco, Mary",Masculino,21,05/06/1969,Antiguo
179,"Zingarelli, Vicky",Femenino,20,12/23/1958,Antiguo
180,"Valentine, Helen",Femenino,20,10/03/1968,Antiguo
181,"Scheulen, Carol",Femenino,23,11/06/1975,Antiguo
182,"Koon, Virgie",Masculino,21,10/30/1960,Antiguo
183,"Amole, Sarah",Femenino,23,10/06/1947,Antiguo
184,"Hill, Cecil",Masculino,22,01/31/1957,Antiguo
185,"Tate, Ruth",Femenino,23,04/27/1961,Antiguo
186,"Schnurr, Larry",Masculino,20,02/22/1959,Antiguo
187,"Sutton, Jerry",Femenino,21,07/27/1969,Antiguo
188,"Mlincek, Kevin",Masculino,22,04/14/1961,Antiguo
189,"Tucker, Edward",Femenino,21,02/11/1947,Antiguo
190,"Forham, Kenton",Femenino,21,03/01/1957,Antiguo
191,"Malik, Brittany",Femenino,22,09/28/1967,Antiguo
192,"Eldridge, Jeannette",Masculino,22,07/25/1966,Antiguo
193,"Anderson, Terry",Femenino,22,01/05/1963,Antiguo
194,"Sosa, Loni",Femenino,22,08/07/1952,Antiguo
195,"Mann, Marie",Masculino,22,05/09/1958,Antiguo
196,"Prater, Michael",Femenino,21,11/21/1964,Antiguo
197,"Ansaldo, Karen",Femenino,23,03/17/1964,Antiguo
198,"Caijem, Lance",Masculino,22,12/03/1962,Antiguo
199,"Yates, Pamela",Femenino,21,07/25/1970,Antiguo
200,"Turner, Iwona",Femenino,20,12/14/1977,Antiguo
201,"Fulcher, Mary",Femenino,20,07/30/1961,Antiguo
202,"Berg, Raymond",Masculino,22,03/14/1964,Antiguo
203,"Lopez, Ramona",Masculino,23,04/27/1967,Antiguo
204,"Valdivia, Helen",Masculino,22,07/29/1954,Antiguo
205,"Cardoza, Beverly",Femenino,23,11/09/1972,Antiguo
206,"Hall, Mary",Masculino,22,09/23/1972,Antiguo
207,"Minarick, Rachel",Femenino,20,03/15/1969,Antiguo
208,"Los Olmos, Dorine",Masculino,23,11/01/1973,Antiguo
209,"Garner, Dave",Femenino,22,06/27/1964,Antiguo
210,"Leong, Lois",Masculino,22,12/10/1967,Antiguo
211,"Tate, Larasa",Masculino,22,07/03/1970,Antiguo
212,"Watson, David",Femenino,20,08/13/1967,Antiguo
213,"Frank, James",Masculino,22,03/14/1962,Antiguo
214,"Wood, Alfredo",Masculino,21,09/28/1947,Antiguo
215,"Baird, Dorothy",Femenino,22,08/04/1971,Antiguo
216,"Jans, George",Masculino,21,08/02/1964,Antiguo
217,"Garrison, Bernadine",Masculino,23,12/15/1962,Antiguo
218,"Zeller, Sam",Masculino,21,06/05/1954,Antiguo
219,"Ace, Dorothy",Femenino,22,10/06/1960,Antiguo
220,"Trujillo, Adria",Femenino,21,09/28/1958,Antiguo
221,"McCown, Bunny",Femenino,20,04/14/1974,Antiguo
222,"Miller, Nancy",Femenino,23,03/12/1963,Antiguo
223,"Hollar, Wanda",Femenino,21,12/18/1964,Antiguo
224,"Wallin, Barbara",Masculino,21,01/27/1965,Antiguo
225,"Bruha, Michael",Femenino,22,09/18/1969,Antiguo
226,"Suggs, Michael",Femenino,22,04/25/1970,Antiguo
227,"Turner, Kenneth",Femenino,22,10/15/1961,Antiguo
228,"Griffin, Lois",Femenino,22,08/12/1964,Antiguo
229,"Guardamondo, Robert",Masculino,22,08/21/1961,Antiguo
230,"West, Bryan",Femenino,22,01/26/1965,Antiguo
231,"Welsh, Vicki",Femenino,21,09/23/1976,Antiguo
232,"McCollum, Harvey",Masculino,22,12/05/1956,Antiguo
233,"Cramer, Mary",Masculino,20,07/30/1948,Antiguo
234,"Fike, Linda",Masculino,21,07/30/1961,Antiguo
235,"Adair, Sam",Masculino,23,06/07/1962,Antiguo
236,"Kolosso, Jerry",Masculino,23,09/28/1959,Antiguo
237,"Carpenter, Todd",Femenino,20,11/27/1971,Antiguo
238,"Watkins, Lisa",Masculino,20,10/07/1960,Antiguo
239,"Barrera, Kevin",Masculino,19,01/16/1976,Antiguo
240,"Price, Maria",Masculino,22,11/16/1955,Antiguo
241,"Rosemont, Flossie",Masculino,21,08/14/1959,Antiguo
242,"McMenama, Betty",Masculino,20,06/23/1971,Antiguo
243,"Lyons, Max",Femenino,21,09/01/1954,Antiguo
244,"Sandy Kurtz, Christine",Masculino,22,08/21/1969,Antiguo
245,"Santry, Rita",Masculino,21,06/20/1964,Antiguo
246,"Quigle, Catherine",Femenino,22,08/07/1962,Antiguo
247,"Christensen, Patricia",Masculino,22,04/15/1960,Antiguo
248,"Mercurio, Anne",Femenino,22,08/18/1974,Antiguo
249,"McGrath, Louis",Masculino,23,03/25/1980,Antiguo
250,"Wright, Rachael",Femenino,22,12/22/1966,Antiguo
251,"Skuce, Richard",Masculino,20,03/02/1965,Antiguo
252,"Coleman, George",Femenino,22,03/22/1972,Antiguo
253,"Barnes, Lois",Masculino,23,11/26/1973,Antiguo
254,"Camille, Jacky",Masculino,21,03/13/1963,Antiguo
255,"Allenbach, Michelle",Masculino,21,03/14/1969,Antiguo
256,"Smith, Franklin",Femenino,21,01/08/1966,Antiguo
257,"Minker, John",Masculino,21,07/31/1969,Antiguo
258,"Jimenez, Sarah",Masculino,22,09/18/1978,Antiguo
259,"Malaby, Darwin",Masculino,22,11/07/1977,Antiguo
260,"Caldwell, Pamela",Masculino,22,10/10/1944,Antiguo
261,"Tinder, Roger",Femenino,22,03/01/1956,Antiguo
262,"Kropff, Joseph",Femenino,22,04/03/1971,Antiguo
263,"Worsham, Mimi",Femenino,22,12/29/1978,Antiguo
264,"Bernal, Ruth",Femenino,20,04/21/1956,Antiguo
265,"Zimmerman, Yolanda",Masculino,22,10/28/1956,Antiguo
266,"Evans, Sandra",Femenino,21,07/03/1960,Antiguo
267,"Bowman, Virginia",Masculino,21,12/31/1967,Antiguo
268,"Coleman, Mary",Femenino,22,09/08/1967,Antiguo
269,"Chrisulis, Kevin",Masculino,22,03/14/1964,Antiguo
270,"Whitcomb, Lee",Masculino,21,07/16/1958,Antiguo
271,"Turcios, Brian",Femenino,23,01/26/1955,Antiguo
272,"Confetti, Jennifer",Femenino,20,05/01/1966,Antiguo
273,"Takemura, Geneva",Masculino,20,07/29/1965,Antiguo
274,"Campbell, Lynn",Femenino,23,05/13/1956,Antiguo
275,"Smith, Nina",Masculino,22,06/10/1951,Antiguo
276,"Vuong, Darrell",Masculino,22,06/28/1966,Antiguo
277,"Abbott, Eric",Femenino,20,02/25/1953,Antiguo
278,"Liff, Doris",Femenino,22,02/04/1969,Antiguo
279,"Steinberg, John",Femenino,22,01/04/1971,Antiguo
280,"Megel, Jerry",Femenino,22,08/04/1947,Antiguo
281,"Styles, John",Femenino,22,06/09/1955,Antiguo
282,"Head, Shirley",Masculino,22,05/25/1950,Antiguo
283,"Story, James",Femenino,23,09/19/1954,Antiguo
284,"Boone, Jean",Femenino,21,11/22/1956,Antiguo
285,"Mccoy, Ralph",Femenino,22,05/25/1958,Antiguo
286,"Tuck, Anne",Femenino,22,10/20/1979,Antiguo
287,"Sincich, Joy",Femenino,22,07/19/1964,Antiguo
288,"Jameson, Bertha",Femenino,22,11/19/1963,Antiguo
289,"Sanchez, Charles",Masculino,22,03/02/1970,Antiguo
290,"Parks, Wanda",Masculino,23,12/13/1965,Antiguo
291,"Vij, Nathan",Masculino,20,08/04/1967,Antiguo
292,"Zugschwert, Corinne",Masculino,22,09/27/1974,Antiguo
293,"Adams, Michelle",Femenino,22,03/26/1944,Antiguo
294,"Steen, Donahue",Masculino,22,05/15/1969,Antiguo
295,"Baker, John",Femenino,23,09/17/1969,Antiguo
296,"Pearl, Keith",Femenino,21,03/10/1975,Antiguo
297,"Roundtree, Sarah",Femenino,23,07/11/1960,Antiguo
298,"Bollin, Lawrence",Femenino,20,03/25/1967,Antiguo
299,"Hopkins, Fred",Masculino,22,06/20/1967,Antiguo
300,"Vicknair, Caroline",Femenino,21,05/18/1965,Antiguo
301,"McPhearson, Nancy",Femenino,22,08/15/1964,Antiguo
302,"Albright, Anna",Masculino,20,01/26/1959,Antiguo
303,"Thomas, Phyllis",Masculino,22,09/07/1966,Antiguo
304,"Perko, Tina",Femenino,21,04/22/1966,Antiguo
305,"McCarty, Jane",Masculino,21,12/06/1963,Antiguo
306,"Bent, Scot",Femenino,20,04/14/1972,Antiguo
307,"Chambers, Pat",Femenino,21,01/25/1946,Antiguo
308,"Bellifa, Stanley",Masculino,21,11/02/1968,Antiguo
309,"Johnson, Samuel",Femenino,22,07/02/1978,Antiguo
310,"Vrins, Janice",Masculino,22,03/04/1960,Antiguo
311,"Mcdonald, Christinia",Masculino,22,10/20/1954,Antiguo
312,"Weldon, Ole",Masculino,23,07/04/1956,Antiguo
313,"Choin, Ruth",Femenino,21,12/13/1961,Antiguo
314,"Crow, Sharon",Masculino,22,10/14/1973,Antiguo
315,"Avalos, Robert",Masculino,22,10/21/1968,Antiguo
316,"Jacobsen, Eric",Masculino,22,01/28/1967,Antiguo
317,"Castro, Pamela",Femenino,22,04/14/1980,Antiguo
318,"Caldwell, Sylvia",Femenino,22,11/12/1974,Antiguo
319,"Reed, Russell",Femenino,23,08/29/1954,Antiguo
320,"Kelley, Victor",Masculino,22,05/17/1964,Antiguo
321,"Taylor, Damon",Masculino,20,03/11/1960,Antiguo
322,"Robinson, Rebecca",Femenino,21,12/11/1967,Antiguo
323,"Thomsen, Andrea",Masculino,22,02/12/1960,Antiguo
324,"Baldwin, Douglas",Femenino,22,05/19/1963,Antiguo
325,"Yuhasz, Ian",Femenino,21,12/24/1968,Antiguo
326,"Carmody, Jovita",Femenino,22,12/30/1954,Antiguo
327,"Gonzales, Lynn",Masculino,20,04/01/1962,Antiguo
328,"Allen, Phyllis",Femenino,22,11/01/1968,Antiguo
329,"Caprio, Johnny",Femenino,23,10/15/1958,Antiguo
330,"Slaven, Lanna",Masculino,21,11/13/1959,Antiguo
331,"Ortiz, Fred",Masculino,22,02/03/1969,Antiguo
332,"Beaver, John",Femenino,19,06/09/1956,Antiguo
333,"Rhodes, Albert",Femenino,23,04/21/1974,Antiguo
334,"Kaffer, Scott",Femenino,21,02/19/1951,Antiguo
335,"Bales, Jennifer",Masculino,21,05/02/1968,Antiguo
336,"Stotka, Louis",Femenino,21,03/15/1954,Antiguo
337,"Maynard, Sandra",Masculino,22,10/18/1964,Antiguo
338,"Tuell, Gracia",Femenino,22,02/22/1960,Antiguo
339,"Burnett, Timothy",Femenino,22,04/21/1983,Antiguo
340,"Haugh, James",Masculino,21,09/27/1953,Antiguo
341,"Moberly, Paula",Femenino,22,09/30/1966,Antiguo
342,"Meyer, Eric",Femenino,22,03/12/1962,Antiguo
343,"Orona, Gloria",Masculino,23,09/14/1971,Antiguo
344,"Warmack, Ruth",Femenino,21,09/16/1981,Antiguo
345,"Wall, Joanna",Masculino,20,03/17/1968,Antiguo
346,"Appelbaum, Sabria",Femenino,22,05/03/1971,Antiguo
347,"Kung, Jeffrey",Masculino,22,08/10/1963,Antiguo
348,"Wilson, Gloria",Femenino,20,08/08/1970,Antiguo
349,"Tuffield, Phyllis",Femenino,19,04/26/1965,Antiguo
350,"Ping, Patricia",Masculino,22,11/28/1965,Antiguo
351,"Shepard, David",Femenino,20,01/31/1953,Antiguo
352,"Bailey, James",Femenino,23,03/05/1946,Antiguo
353,"Chestnut, Susan",Femenino,20,01/01/1971,Antiguo
354,"Toone, Delia",Femenino,22,10/11/1961,Antiguo
355,"Armstrong, Thomas",Femenino,22,01/15/1967,Antiguo
356,"Billstrom, Mary",Masculino,21,11/06/1967,Antiguo
357,"Stotka, Robert",Femenino,21,11/07/1975,Antiguo
358,"Johnson, Danielle",Femenino,21,09/08/1947,Antiguo
359,"Lepro, Bonnie",Masculino,19,08/23/1982,Antiguo
360,"Elliott, Carol",Femenino,22,11/30/1949,Antiguo
361,"Steelman, Shanay",Femenino,21,10/22/1959,Antiguo
362,"Adams, Frances",Femenino,21,03/09/1963,Antiguo
363,"Poorbaugh, Alma",Femenino,21,06/21/1967,Antiguo
364,"Hasty, Neal",Femenino,23,11/12/1956,Antiguo
365,"Betsekas, Steven",Masculino,19,01/25/1971,Antiguo
366,"Ziegler, Arvid",Femenino,22,02/13/1968,Antiguo
367,"Weyerhaeuser, Ann",Femenino,20,02/20/1964,Antiguo
368,"Robinson, Dorothy",Femenino,22,03/03/1970,Antiguo
369,"Brunner, June",Masculino,23,04/19/1971,Antiguo
370,"Frazier, Judith",Masculino,22,07/04/1973,Antiguo
371,"Rector, Michelle",Masculino,23,02/20/1961,Antiguo
372,"Caldwell, Mari",Femenino,23,10/12/1953,Antiguo
373,"Gonzales, Linda",Femenino,21,02/18/1962,Antiguo
374,"Monitor, Alan",Femenino,22,03/31/1967,Antiguo
375,"Lewin, Elsie",Masculino,20,10/25/1952,Antiguo
376,"Desalvo, Bev",Femenino,23,10/17/1965,Antiguo
377,"Alpuerto, Oscar",Masculino,22,05/26/1951,Antiguo
378,"Marshall, Cecelia",Masculino,21,09/14/1965,Antiguo
379,"Bockenkamp, Gabriel",Masculino,23,11/30/1969,Antiguo
380,"Kesterson, Alice",Femenino,19,09/26/1971,Antiguo
381,"Alexander, J. Phillip",Masculino,22,02/28/1956,Antiguo
382,"Mendoza, R. Morgan",Masculino,21,11/21/1966,Antiguo
383,"Herrick, Pam",Masculino,22,11/05/1980,Antiguo
384,"McCoy, James",Femenino,20,12/15/1968,Antiguo
385,"Thoreson, Rossane",Femenino,21,06/13/1971,Antiguo
386,"Snowden, Victoria",Masculino,21,09/16/1964,Antiguo
387,"Blanton, Donald",Femenino,22,06/16/1970,Antiguo
388,"Gibbens, Cornett",Masculino,22,12/22/1965,Antiguo
389,"Alcorn, Paul",Masculino,21,02/03/1955,Antiguo
390,"Miller, Virginia",Masculino,22,12/11/1959,Antiguo
391,"Campen, Henry",Femenino,20,02/12/1959,Antiguo
392,"Coffman, Connie",Masculino,22,03/10/1948,Antiguo
393,"Bustamante, Jared",Masculino,21,02/11/1974,Antiguo
394,"Eldridge, Carla",Femenino,21,04/30/1965,Antiguo
395,"Sipsy, Barbara",Femenino,22,09/03/1969,Antiguo
396,"Weimer, Dorothy",Masculino,21,12/22/1969,Antiguo
397,"Irwin, Richard",Masculino,21,10/09/1948,Antiguo
398,"Son, Alma",Masculino,21,08/04/1950,Antiguo
399,"Brandon, Cornelius",Femenino,22,03/03/1969,Antiguo
400,"Quintana, Monica",Masculino,21,01/05/1969,Antiguo
401,"Colon, John",Femenino,21,07/02/1965,Antiguo
402,"Barlow, Brenda",Masculino,22,10/15/1973,Antiguo
403,"Adina, Ronald",Masculino,21,05/14/1981,Antiguo
404,"Bohling, Michael",Femenino,22,09/23/1970,Antiguo
405,"Wheeler, Sam",Masculino,22,04/12/1964,Antiguo
406,"Swearengin, Abraham",Masculino,22,04/27/1960,Antiguo
407,"Givens, David",Femenino,20,11/26/1977,Antiguo
408,"Beanston, Glenna",Masculino,22,09/30/1951,Antiguo
409,"Bruno, Dirk",Masculino,23,10/17/1971,Antiguo
410,"Berger, Alexander",Masculino,23,10/23/1951,Antiguo
411,"Sultan, Marcia",Masculino,22,08/31/1957,Antiguo
412,"Svoboda, Martin",Femenino,20,09/10/1953,Antiguo
413,"Tullao, Mary",Femenino,22,09/26/1967,Antiguo
414,"Hernandez, Irene",Masculino,21,05/29/1965,Antiguo
415,"Wilkie, Jay Saxema",Femenino,22,06/02/1950,Antiguo
416,"Lunt, Sean",Femenino,23,06/02/1974,Antiguo
417,"Fulton, Paul",Femenino,20,12/02/1962,Antiguo
418,"Dillon, Rudolph",Femenino,23,10/27/1976,Antiguo
419,"Miller, Matthew",Femenino,22,04/27/1961,Antiguo
420,"Stern, Vassar",Femenino,20,05/18/1956,Antiguo
421,"Suffin, Ruth",Masculino,22,10/13/1956,Antiguo
422,"Cleary, Kristine",Femenino,21,09/16/1957,Antiguo
423,"Homax, Jaunita",Femenino,22,01/14/1959,Antiguo
424,"Adams, Margaret",Masculino,22,10/08/1957,Antiguo
425,"Zubaty, Carla",Masculino,21,03/10/1978,Antiguo
426,"Khan, Tammy",Masculino,21,11/07/1957,Antiguo
427,"Brinkd, David",Masculino,22,04/09/1974,Antiguo
428,"Clark, James",Masculino,20,10/30/1977,Antiguo
429,"Dennis, Helen",Masculino,22,04/19/1954,Antiguo
430,"Brumfield, Eric",Femenino,21,09/21/1971,Antiguo
431,"Sanchez, Madalena",Femenino,21,01/26/1964,Antiguo
432,"Suess, Gary",Femenino,22,01/30/1973,Antiguo
433,"Trach, Glenn",Femenino,22,06/21/1958,Antiguo
434,"White, Cynthia",Femenino,21,04/02/1965,Antiguo
435,"Brian, Walter",Masculino,21,02/05/1959,Antiguo
436,"Trujillo, Christie",Femenino,21,11/11/1971,Antiguo
437,"Alameda, Lili",Femenino,23,06/03/1980,Antiguo
438,"Fox, Dorothy",Masculino,22,10/23/1977,Antiguo
439,"Gallagher, Aldeen",Femenino,22,05/31/1954,Antiguo
440,"Myer, Dorothy",Femenino,22,04/26/1971,Antiguo
441,"Byrnes, David",Femenino,21,01/28/1975,Antiguo
442,"Ryan, Justine",Masculino,22,11/14/1957,Antiguo
443,"Chand, Forrest",Femenino,20,06/15/1956,Antiguo
444,"Vanderkamp, Margaret",Masculino,23,07/23/1958,Antiguo
445,"Carroll, Rosmarie",Femenino,20,06/30/1959,Antiguo
446,"Contreras, Dorothy",Masculino,23,07/17/1968,Antiguo
447,"Cantoni, Joseph",Masculino,21,11/24/1963,Antiguo
448,"Reed, Celine",Femenino,22,02/21/1955,Antiguo
449,"Peterson, Glin",Masculino,22,12/15/1966,Antiguo
450,"Osborn, Stephen",Femenino,22,08/07/1965,Antiguo
451,"Graham., Lowell",Femenino,22,09/20/1962,Antiguo
452,"Shaddy, Jamie",Femenino,22,04/12/1960,Antiguo
453,"Haemon, Hattie",Masculino,20,07/25/1966,Antiguo
454,"Krow, Jame",Femenino,22,11/16/1965,Antiguo
455,"Belli, Shane",Masculino,20,07/15/1965,Antiguo
456,"Porter, Ethel",Femenino,22,07/07/1963,Antiguo
457,"Lesko, Gloria",Femenino,21,05/29/1964,Antiguo
458,"Worland, Michael",Masculino,20,05/14/1981,Antiguo
459,"Torre, Alvin",Masculino,22,09/14/1950,Antiguo
460,"Ramos, Susan",Masculino,20,11/08/1964,Antiguo
461,"Christie, Jill",Femenino,20,09/25/1956,Antiguo
462,"Zocchi, Juanita",Masculino,23,07/22/1965,Antiguo
463,"Altamirano, Sandra",Masculino,21,09/28/1961,Antiguo
464,"Benson, Edna",Masculino,21,11/04/1965,Antiguo
465,"Deborde, Alexander",Masculino,21,06/18/1971,Antiguo
466,"Calone, Barbara",Femenino,21,12/21/1978,Antiguo
467,"Pompa, Cheryl",Femenino,22,02/18/1969,Antiguo
468,"Traube, Doris",Masculino,23,04/04/1965,Antiguo
469,"Sloan, Cathy",Femenino,23,09/07/1964,Antiguo
470,"Villa, Homer",Femenino,22,07/30/1978,Antiguo
471,"Herman, Deena",Femenino,19,02/22/1964,Antiguo
472,"Roberts, Leota",Femenino,23,08/11/1974,Antiguo
473,"Mc Clane, John",Femenino,22,09/13/1979,Antiguo
474,"Maxham, Jennifer",Masculino,21,04/18/1955,Antiguo
475,"Sullivan, Elizabeth",Femenino,22,12/02/1975,Antiguo
476,"Watada, Irene",Femenino,21,09/26/1964,Antiguo
477,"Rhiger, Constance",Femenino,21,02/18/1976,Antiguo
478,"Finley, Rhoda",Femenino,21,12/23/1962,Antiguo
479,"Winter, Kathleen",Femenino,21,07/29/1960,Antiguo
480,"Adams, Carla",Masculino,22,02/25/1955,Antiguo
481,"Tench, Vanessa",Masculino,23,11/07/1968,Antiguo
482,"Brink, Carol",Masculino,21,01/21/1957,Antiguo
483,"Reynolds, Adam",Femenino,22,02/17/1971,Antiguo
484,"Posner, Constance",Femenino,22,09/16/1965,Antiguo
485,"Hapke, William",Masculino,21,04/28/1966,Antiguo
486,"Huff, Joshua",Femenino,23,07/26/1966,Antiguo
487,"Brown, Carolee",Masculino,23,02/27/1975,Antiguo
488,"Giglio, Frances",Masculino,22,05/05/1957,Antiguo
489,"Sherwood, Irma",Femenino,22,06/30/1964,Antiguo
490,"Becker, Benjamin",Femenino,23,01/17/1961,Antiguo
491,"Tedford, Chad",Masculino,23,08/11/1962,Antiguo
492,"Roy, Luke",Masculino,23,03/19/1965,Antiguo
493,"Holloway, Jean",Femenino,22,09/27/1967,Antiguo
494,"Trau, Olga",Masculino,23,10/29/1964,Antiguo
495,"Carnes, Steve",Masculino,22,10/05/1960,Antiguo
496,"Potts, Betty",Masculino,21,12/16/1955,Antiguo
497,"Kozlowski, Edward",Masculino,22,04/28/1965,Antiguo
498,"Looney, Sharon",Masculino,22,01/09/1967,Antiguo
499,"Magenheimer, Patrick",Femenino,22,07/30/1954,Antiguo
500,"Hofsetz, Sue",Femenino,23,05/18/1966,Antiguo
501,"Gilliat, Janet",Femenino,22,11/28/1968,Antiguo
502,"Wojcik, Charlene",Femenino,22,03/25/1959,Antiguo
503,"Wolf, Eunice",Femenino,21,08/03/1959,Antiguo
